{
 "description": "equivalent lens poly",
 "name": "polynomial",
 "thickness": 1.942400033101439,
 "pupilpos": [],
 "pupilradii": [],
 "poly": [
  {
   "outputname": "outx",
   "termr": [5,4,4,4,3,3,3,3,3,3,2,2,2,2,2,2,2,2,2,2,1,1,1,1,1,1,1,1,1,1,1,1,1,1,1,0,0,0,0,0,0,0,0,0,0,0,0,0,0,0,0,0,0,0,0,0],
   "termu": [0,1,0,0,2,1,1,0,0,0,3,2,2,1,1,1,0,0,0,0,4,3,3,2,2,2,1,1,1,1,0,0,0,0,0,5,4,4,3,3,3,2,2,2,2,1,1,1,1,1,0,0,0,0,0,0],
   "termv": [0,0,1,0,0,1,0,2,1,0,0,1,0,2,1,0,3,2,1,0,0,1,0,2,1,0,3,2,1,0,4,3,2,1,0,0,1,0,2,1,0,3,2,1,0,4,3,2,1,0,5,4,3,2,1,0],
   "coeff": [2.679429061012136e-14,0.04989736196928648,1.395814046006607e-15,-4.437703209933913e-14,-2.793106909087879e-14,-0.3336419865111253,-0.02661692273049556,1.901851955573978e-14,1.139916562925367e-14,2.772189809023444e-14,-0.04666983814918163,-1.096224416205478e-14,2.037753509317427e-14,0.4578769081307508,0.01563148926097074,0.06070510589123256,9.334143976869358e-15,6.539391527440878e-16,-9.439975970866646e-15,-8.226187440142798e-15,1.161296044013919e-13,-1.776755043591492,0.01295892594502143,-1.071732366608846e-13,-8.041687187909079e-15,-1.197936363061833e-14,-1.88942086947834,-0.03504701050905263,-0.7332206133862003,-7.717437362488071e-05,8.968158325395219e-15,-4.809663165698394e-15,-5.83274271332621e-15,2.118619696851973e-15,1.244767205987033e-15,2.103622913551324,-6.501582704760728e-15,-4.213204280680577e-14,4.565997130888071,0.06557902094507639,0.9016425397324346,4.301736977115907e-15,1.46916881731831e-15,7.402590621551976e-16,3.431735679565234e-15,2.45800589784807,0.09092888663431808,0.8632025367227603,-0.008558144789154882,1.869250405186112,-1.592604034735949e-15,-3.333548371379685e-15,8.324702296776161e-16,1.315359066095665e-15,-1.404024296496273e-16,-9.24872118195518e-17]
  },
  {
   "outputname": "outy",
   "termr": [5,4,4,4,3,3,3,3,3,3,2,2,2,2,2,2,2,2,2,2,1,1,1,1,1,1,1,1,1,1,1,1,1,1,1,0,0,0,0,0,0,0,0,0,0,0,0,0,0,0,0,0,0,0,0,0],
   "termu": [0,1,0,0,2,1,1,0,0,0,3,2,2,1,1,1,0,0,0,0,4,3,3,2,2,2,1,1,1,1,0,0,0,0,0,5,4,4,3,3,3,2,2,2,2,1,1,1,1,1,0,0,0,0,0,0],
   "termv": [0,0,1,0,0,1,0,2,1,0,0,1,0,2,1,0,3,2,1,0,0,1,0,2,1,0,3,2,1,0,4,3,2,1,0,0,1,0,2,1,0,3,2,1,0,4,3,2,1,0,5,4,3,2,1,0],
   "coeff": [0.06746565976284401,1.358351164623206e-14,0.6471229115447014,-0.01444489812651025,0.01003645245339816,-1.695624473819935e-13,-2.350098377232097e-14,-0.6616823595375221,-0.3677239524832823,0.03263306214449666,1.589333054051043e-15,0.330905894686315,-0.02411261667630168,5.967888471741205e-14,1.480514733898205e-13,1.119626087387551e-14,0.7705087440066429,-0.0589381271536519,0.2229306677183232,0.004766008808975799,-0.1430753919415567,2.270828858260713e-13,8.742609869169667e-15,-2.433526093569643,0.008857530649313982,-0.4412054089290238,-2.08254686564796e-14,-3.319159854827567e-14,-3.922751597036783e-14,-1.767298039430702e-15,-2.456858256659797,-0.04547945367040188,-1.106779642652302,-0.002586885354007152,0.5335002545646982,-7.308194933700584e-15,2.219710987892015,-0.002399696892362456,1.342933714930456e-13,-4.74685155279676e-14,-1.897950139687914e-15,4.797101860567246,0.1202666845027737,0.8744029491979411,-0.0009478672633644696,6.507030382759881e-14,4.516203736234645e-14,-5.169953638073214e-15,-8.910483456803185e-17,7.419090343955645e-17,2.599398211256533,0.1564482640400996,0.8338389828729798,-0.0187212023354699,1.870675960912377,0.0001606208870712396]
  },
  {
   "outputname": "outu",
   "termr": [5,4,4,4,3,3,3,3,3,3,2,2,2,2,2,2,2,2,2,2,1,1,1,1,1,1,1,1,1,1,1,1,1,1,1,0,0,0,0,0,0,0,0,0,0,0,0,0,0,0,0,0,0,0,0,0],
   "termu": [0,1,0,0,2,1,1,0,0,0,3,2,2,1,1,1,0,0,0,0,4,3,3,2,2,2,1,1,1,1,0,0,0,0,0,5,4,4,3,3,3,2,2,2,2,1,1,1,1,1,0,0,0,0,0,0],
   "termv": [0,0,1,0,0,1,0,2,1,0,0,1,0,2,1,0,3,2,1,0,0,1,0,2,1,0,3,2,1,0,4,3,2,1,0,0,1,0,2,1,0,3,2,1,0,4,3,2,1,0,5,4,3,2,1,0],
   "coeff": [5.994100437058278e-15,0.038982786529277,2.131423667719974e-16,-1.1021469041004e-14,-6.071700359081107e-15,-0.07263577556401804,-0.02304322051121203,4.283931569372644e-15,4.51148247716687e-15,7.776944693252791e-15,0.1515123220194031,-2.455100578132663e-14,3.409349361188296e-15,0.1193283587973504,0.002482844579165846,-0.03425766435187803,3.128089672396871e-15,3.880759414457624e-15,-3.345408139238365e-15,-2.649685086276487e-15,5.654353056199538e-14,0.1559956429974906,0.006865204481382487,-9.26894951363094e-14,6.443696602072017e-15,-4.119320902665032e-15,0.177331258088439,0.05024279117742734,0.1549559805590852,-0.002160155887605689,3.664059243390639e-15,-1.887576087501545e-15,-3.022109346454057e-15,6.979481920781635e-16,4.628600891745929e-16,0.4557211012185827,1.048505967915167e-14,-2.023225089631599e-14,0.9310888407462685,0.01375461270659438,0.1687296689343089,-6.874886467802022e-15,2.000820902364187e-14,-1.135824581811282e-15,1.43455844899518e-15,0.4756665019304462,0.01185353601370341,0.1642955128281045,-0.001492309128073501,0.7143119700533261,-1.631917090997162e-15,-2.759299682172756e-15,5.495980044697432e-16,5.638847783352273e-16,-4.480777514552671e-17,-3.810049552515217e-17]
  },
  {
   "outputname": "outv",
   "termr": [5,4,4,4,3,3,3,3,3,3,2,2,2,2,2,2,2,2,2,2,1,1,1,1,1,1,1,1,1,1,1,1,1,1,1,0,0,0,0,0,0,0,0,0,0,0,0,0,0,0,0,0,0,0,0,0],
   "termu": [0,1,0,0,2,1,1,0,0,0,3,2,2,1,1,1,0,0,0,0,4,3,3,2,2,2,1,1,1,1,0,0,0,0,0,5,4,4,3,3,3,2,2,2,2,1,1,1,1,1,0,0,0,0,0,0],
   "termv": [0,0,1,0,0,1,0,2,1,0,0,1,0,2,1,0,3,2,1,0,0,1,0,2,1,0,3,2,1,0,4,3,2,1,0,0,1,0,2,1,0,3,2,1,0,4,3,2,1,0,5,4,3,2,1,0],
   "coeff": [0.05189890634146221,4.229707888542948e-15,0.1953311128515257,-0.02736055151121063,-0.007557278035629999,-2.370497404896047e-14,-6.835783847557953e-15,-0.1407996102230366,-0.1569130030045252,0.0199459910408558,-8.400786552297877e-15,0.0587859188131123,0.01872499328666862,5.404695085712905e-14,2.615046390533129e-14,3.469833791654592e-15,-0.03729082783628221,0.001266878371299321,-0.04270217134420592,-0.0002788060099419814,0.265585981700327,4.855337458403084e-14,8.065989631951839e-15,0.6503336625129601,0.05283149922115554,0.04656791169030294,7.288731204524093e-14,-1.693327819864476e-14,-1.105013293175719e-14,-9.282503478048385e-16,0.4043709700454226,0.1140721474676836,0.2114841451782875,-0.01263919860964293,-0.3311317111045351,-1.807592238236761e-15,0.4232209101420052,-0.001474910295240235,1.314460913288755e-14,-9.089559172954913e-15,-1.009264265064444e-15,0.8727145086619876,0.0134481931721483,0.1713445843230333,7.66194995832139e-05,4.169841566020212e-14,-6.163688213898675e-15,-3.094412385753227e-15,4.517751752999216e-16,1.079847581927453e-16,0.4536706473365701,0.0137971106819586,0.1647432839061691,-0.001958660878223182,0.7146332713116816,1.886564088069516e-05]
  }
 ]
}