{
 "description": "equivalent lens poly",
 "name": "polynomial",
 "thickness": 2.12240003310144,
 "pupilpos": [],
 "pupilradii": [],
 "poly": [
  {
   "outputname": "outx",
   "termr": [4,3,3,3,2,2,2,2,2,2,1,1,1,1,1,1,1,1,1,1,0,0,0,0,0,0,0,0,0,0,0,0,0,0,0],
   "termu": [0,1,0,0,2,1,1,0,0,0,3,2,2,1,1,1,0,0,0,0,4,3,3,2,2,2,1,1,1,1,0,0,0,0,0],
   "termv": [0,0,1,0,0,1,0,2,1,0,0,1,0,2,1,0,3,2,1,0,0,1,0,2,1,0,3,2,1,0,4,3,2,1,0],
   "coeff": [3.810038265297197e-15,0.04753448617938608,-4.288924911040901e-15,-5.655687209792735e-15,-7.906447140505424e-17,-0.1964398204760308,0.04575309474409308,-7.314224721937109e-15,2.134050503049507e-15,2.952914046033979e-15,-0.03961495926008776,1.045488351649233e-14,4.243169604533703e-16,0.3075999856841346,-0.8841958666040082,-0.005072296740431382,-5.236293993688721e-15,2.305095588845832e-15,1.173041200536466e-16,-5.831660457656033e-16,-1.83803292656193e-15,-0.6722402324648734,1.181996528832562,2.705961892958731e-14,-1.025561939636783e-15,-2.514972304122351e-16,-0.7019117831447803,1.12678972319576,0.07160417878445904,1.969225020454245,-1.879506857876064e-15,5.985289315612196e-16,-2.224300017535514e-16,-8.060761070827329e-17,3.094402392148782e-17]
  },
  {
   "outputname": "outy",
   "termr": [4,3,3,3,2,2,2,2,2,2,1,1,1,1,1,1,1,1,1,1,0,0,0,0,0,0,0,0,0,0,0,0,0,0,0],
   "termu": [0,1,0,0,2,1,1,0,0,0,3,2,2,1,1,1,0,0,0,0,4,3,3,2,2,2,1,1,1,1,0,0,0,0,0],
   "termv": [0,0,1,0,0,1,0,2,1,0,0,1,0,2,1,0,3,2,1,0,0,1,0,2,1,0,3,2,1,0,4,3,2,1,0],
   "coeff": [0.07026062760758914,-2.962947881982548e-15,0.4416576363426317,-0.01373396813211763,0.03820692805833743,-2.281634595868501e-14,1.2817805672201e-15,-0.4497857205181008,0.01187012092585765,0.01952978545188506,-1.017489221851123e-15,0.2777289708120455,-0.4946687269137981,-2.589355629552379e-15,6.448937142101847e-15,9.963319303967167e-17,0.6579382320507408,-1.289871433887548,-0.0316051535851978,0.5037481787850508,-0.04878458619598549,7.990126024427987e-15,1.119558472932287e-15,-0.8333754361314057,1.136700940380468,0.01473175461826065,1.406681666684891e-15,-2.368831598715723e-15,9.262232900205947e-16,-3.649895834241064e-17,-0.7952259490485617,1.076663633381057,0.08752885911075999,1.975419122745224,-0.0006238846050893085]
  },
  {
   "outputname": "outu",
   "termr": [4,3,3,3,2,2,2,2,2,2,1,1,1,1,1,1,1,1,1,1,0,0,0,0,0,0,0,0,0,0,0,0,0,0,0],
   "termu": [0,1,0,0,2,1,1,0,0,0,3,2,2,1,1,1,0,0,0,0,4,3,3,2,2,2,1,1,1,1,0,0,0,0,0],
   "termv": [0,0,1,0,0,1,0,2,1,0,0,1,0,2,1,0,3,2,1,0,0,1,0,2,1,0,3,2,1,0,4,3,2,1,0],
   "coeff": [1.245168589962701e-15,0.02793987725506746,-1.390527830496209e-15,-1.917636001173915e-15,3.297523113451002e-16,-0.06672508527866931,-0.04333017972723832,-1.798185621132696e-15,9.941569696611422e-16,1.024919195589463e-15,0.06303510154131202,3.373235440702221e-15,-9.485190308924184e-18,0.05236918411740174,0.170330287269638,-0.003372721028945165,-2.674106835969326e-15,6.657888596447805e-16,1.392161736695351e-17,-2.073187020784128e-16,-1.476773560854388e-16,-0.01663463753475108,0.2499983048340739,8.148132492031709e-15,-4.646455354565543e-16,-1.23698838484174e-16,-0.02006539935508333,0.2516226751764604,0.001366983020620426,0.682072222752978,-1.66170915194065e-15,3.950079608969788e-16,3.940651885505881e-17,-4.100247659536442e-17,1.10784863973344e-17]
  },
  {
   "outputname": "outv",
   "termr": [4,3,3,3,2,2,2,2,2,2,1,1,1,1,1,1,1,1,1,1,0,0,0,0,0,0,0,0,0,0,0,0,0,0,0],
   "termu": [0,1,0,0,2,1,1,0,0,0,3,2,2,1,1,1,0,0,0,0,4,3,3,2,2,2,1,1,1,1,0,0,0,0,0],
   "termv": [0,0,1,0,0,1,0,2,1,0,0,1,0,2,1,0,3,2,1,0,0,1,0,2,1,0,3,2,1,0,4,3,2,1,0],
   "coeff": [0.04383005741062609,3.32922667374699e-16,0.1038860613121451,-0.01575689829038349,0.001955374286850509,-8.846893647605841e-15,-1.075416093979609e-15,-0.1118820359098869,-0.1555426787346696,0.00804071426547211,1.018915060666277e-15,-0.007137183084822227,0.0785549815814314,-1.910040339789757e-15,2.321189357660128e-15,4.225520459091976e-16,-0.02909838821469227,0.2521138546212904,0.01292022761666698,-0.3323666635077701,0.05710093129616086,1.019335310797454e-14,1.303334403743729e-16,0.08172641245739663,0.2604776773714357,-0.007066597565421071,-4.247233185660265e-16,-1.160144668263348e-16,-2.154659520822603e-17,-3.095549305532939e-17,0.02671668034563877,0.2632417820027184,-0.004241047110543933,0.6807204951590067,9.844623450803446e-05]
  }
 ]
}