{
 "name": "2ElLens",
 "type": "multi element lens",
 "surfaceArray": [
  {
   "name": "default",
   "type": "surface",
   "subtype": "refractive",
   "sRadius": 67,
   "sCenter": [0,0,64],
   "wave": [400,450,500,550,600,650,700],
   "apertureD": 25,
   "n": [1.65,1.65,1.65,1.65,1.65,1.65,1.65],
   "asphericity": 0
  },
  {
   "name": "default",
   "type": "surface",
   "subtype": "diaphragm",
   "sRadius": 0,
   "sCenter": [0,0,-1.5],
   "wave": [400,450,500,550,600,650,700],
   "apertureD": 25,
   "n": [1.65,1.65,1.65,1.65,1.65,1.65,1.65],
   "asphericity": 0
  },
  {
   "name": "default",
   "type": "surface",
   "subtype": "refractive",
   "sRadius": -67,
   "sCenter": [0,0,-67],
   "wave": [400,450,500,550,600,650,700],
   "apertureD": 25,
   "n": [1,1,1,1,1,1,1],
   "asphericity": 0
  }
 ],
 "diffractionEnabled": false,
 "wave": [400,450,500,550,600,650,700],
 "focalLength": 50,
 "apertureMiddleD": 8,
 "apertureSample": [151,151],
 "centerZ": 0,
 "fHdl": [],
 "units": "mm",
 "BBoxModel": {
  "focal": {
   "length": [51.99705154530619,51.99705154530619,51.99705154530619,51.99705154530619,51.99705154530619,51.99705154530619,51.99705154530619],
   "radius": [-85.03846153846155,-85.03846153846155,-85.03846153846155,-85.03846153846155,-85.03846153846155,-85.03846153846155,-85.03846153846155]
  },
  "imSpace": {
   "focalPoint": [51.07987153161693,51.07987153161693,51.07987153161693,51.07987153161693,51.07987153161693,51.07987153161693,51.07987153161693],
   "principalPoint": [-0.9171800136892561,-0.9171800136892561,-0.9171800136892561,-0.9171800136892561,-0.9171800136892561,-0.9171800136892561,-0.9171800136892561],
   "nodalPoint": [-0.9171800136892561,-0.9171800136892561,-0.9171800136892561,-0.9171800136892561,-0.9171800136892561,-0.9171800136892561,-0.9171800136892561]
  },
  "obSpace": {
   "focalPoint": [-54.07987153161693,-54.07987153161693,-54.07987153161693,-54.07987153161693,-54.07987153161693,-54.07987153161693,-54.07987153161693],
   "principalPoint": [-2.082819986310744,-2.082819986310744,-2.082819986310744,-2.082819986310744,-2.082819986310744,-2.082819986310744,-2.082819986310744],
   "nodalPoint": [-2.082819986310744,-2.082819986310744,-2.082819986310744,-2.082819986310744,-2.082819986310744,-2.082819986310744,-2.082819986310744]
  },
  "abcd": [[[0.9823609226594301,0.9823609226594301,0.9823609226594301,0.9823609226594301,0.9823609226594301,0.9823609226594301,0.9823609226594301],[1.818181818181818,1.818181818181818,1.818181818181818,1.818181818181818,1.818181818181818,1.818181818181818,1.818181818181818]],[[-0.01923185969744223,-0.01923185969744223,-0.01923185969744223,-0.01923185969744223,-0.01923185969744223,-0.01923185969744223,-0.01923185969744223],[0.98236092265943,0.98236092265943,0.98236092265943,0.98236092265943,0.98236092265943,0.98236092265943,0.98236092265943]]]
 },
 "centerRay": [],
 "inFocusPosition": [0,0,0]
}