{
 "description": "equivalent lens poly",
 "name": "polynomial",
 "thicknesswithplanes": 2.12240003310144,
 "thickness": 1.922400033101439,
 "planeoffset": 0.1,
 "circleRadii": [1.27,1.35,10],
 "circleSensitivities": [-1.6628,0.8298,-15.6821],
 "circlePlaneZ": 3,
 "pupilpos": [1.126633618747183,17.62632197414806,0.1798334742028881],
 "pupilradii": [0.476941565269641,7.931844888366627,0.5994449140096272],
 "poly": [
  {
   "outputname": "outx",
   "termr": [5,4,4,4,3,3,3,3,3,3,2,2,2,2,2,2,2,2,2,2,1,1,1,1,1,1,1,1,1,1,1,1,1,1,1,0,0,0,0,0,0,0,0,0,0,0,0,0,0,0,0,0,0,0,0,0],
   "termu": [0,1,0,0,2,1,1,0,0,0,3,2,2,1,1,1,0,0,0,0,4,3,3,2,2,2,1,1,1,1,0,0,0,0,0,5,4,4,3,3,3,2,2,2,2,1,1,1,1,1,0,0,0,0,0,0],
   "termv": [0,0,1,0,0,1,0,2,1,0,0,1,0,2,1,0,3,2,1,0,0,1,0,2,1,0,3,2,1,0,4,3,2,1,0,0,1,0,2,1,0,3,2,1,0,4,3,2,1,0,5,4,3,2,1,0],
   "coeff": [3.827713286350997e-05,0.04510813892814651,-4.340771399052617e-05,-3.856149295668127e-05,0.0003892061882537647,-0.09200916993158127,0.02268332233013806,0.0001428166936821639,7.84446575762814e-06,-4.240406364627659e-06,-0.01233715353075647,0.0003091369947606491,-6.116875668701502e-05,0.5730101427991736,-0.07494776144581217,0.03101726807638997,-0.0005934585322412749,-0.0003636415868234552,-1.894579050437764e-06,8.965002450600074e-06,0.001221416168706384,-1.68037908305431,-0.03149569005407535,0.001509603914822044,0.0001250962805916395,-0.000132341222441177,-1.894550980308796,-0.2097257806585987,-0.7227187675756869,0.008082524478137971,-0.000404564860889638,3.744955238520136e-05,8.000720659060195e-05,-2.539894628160032e-06,-9.988607901044711e-07,1.872134107210105,-0.0002987348450079099,-0.0001421251386394815,4.044228606056423,0.06115994960357576,0.8598011774259188,-0.0002989896833559283,-0.0002463277639487002,2.517325321386836e-05,1.698517249719802e-05,2.111562509834746,0.0842615714408354,0.842298957183066,-0.006725050375598856,1.976550765302623,-0.0001576438808599651,-6.303903344749128e-06,2.140044600194577e-05,1.49151370185019e-06,-4.0831856020825e-07,-9.077278002555371e-08]
  },
  {
   "outputname": "outy",
   "termr": [5,4,4,4,3,3,3,3,3,3,2,2,2,2,2,2,2,2,2,2,1,1,1,1,1,1,1,1,1,1,1,1,1,1,1,0,0,0,0,0,0,0,0,0,0,0,0,0,0,0,0,0,0,0,0,0],
   "termu": [0,1,0,0,2,1,1,0,0,0,3,2,2,1,1,1,0,0,0,0,4,3,3,2,2,2,1,1,1,1,0,0,0,0,0,5,4,4,3,3,3,2,2,2,2,1,1,1,1,1,0,0,0,0,0,0],
   "termv": [0,0,1,0,0,1,0,2,1,0,0,1,0,2,1,0,3,2,1,0,0,1,0,2,1,0,3,2,1,0,4,3,2,1,0,0,1,0,2,1,0,3,2,1,0,4,3,2,1,0,5,4,3,2,1,0],
   "coeff": [-0.01860287754522291,0.0001024498629974915,0.372352506218109,0.07216329861621863,0.1826751059732682,0.0004237576596906345,-0.0001774184804827096,0.0841205593098843,0.145122415278608,0.01406464779775008,-2.090747587401443e-05,0.6344408604093672,-0.09429938870526838,-0.001842771438267354,-0.0008861364721865979,6.341656258816822e-05,1.397444065140908,-0.205964928326898,-0.005540722539163856,0.0001663938132739962,-0.082774427159809,0.001004877340506614,1.683801554827756e-05,-2.282651442178643,-0.2030761511803015,-0.4340347117033321,-0.00167830828069061,-3.525162247644194e-05,0.0001592537109413024,-4.516212619773011e-06,-2.347996124013509,-0.4733547009511147,-1.139935756895139,0.03975588421374243,0.5055726907421356,-9.871443509345809e-05,1.982766945589575,-0.004167000707350614,-0.0004175397069165313,-0.0002021895141802884,1.899447797633345e-05,4.126434496791185,0.09645092643570906,0.8497477087297083,-0.0006233900936262415,-0.0005786166659784402,1.206546479866757e-05,6.828153387694496e-05,4.927852322731564e-06,-9.365588017374065e-07,2.115133939428196,0.1055450380644435,0.8486006955766325,-0.009827544144751411,1.975872870960058,4.282275505959971e-05]
  },
  {
   "outputname": "outu",
   "termr": [5,4,4,4,3,3,3,3,3,3,2,2,2,2,2,2,2,2,2,2,1,1,1,1,1,1,1,1,1,1,1,1,1,1,1,0,0,0,0,0,0,0,0,0,0,0,0,0,0,0,0,0,0,0,0,0],
   "termu": [0,1,0,0,2,1,1,0,0,0,3,2,2,1,1,1,0,0,0,0,4,3,3,2,2,2,1,1,1,1,0,0,0,0,0,5,4,4,3,3,3,2,2,2,2,1,1,1,1,1,0,0,0,0,0,0],
   "termv": [0,0,1,0,0,1,0,2,1,0,0,1,0,2,1,0,3,2,1,0,0,1,0,2,1,0,3,2,1,0,4,3,2,1,0,0,1,0,2,1,0,3,2,1,0,4,3,2,1,0,5,4,3,2,1,0],
   "coeff": [5.587901296109951e-05,0.04289196267563544,1.389613865373832e-06,-7.196245782376059e-05,7.357171806561987e-05,0.06017476580438214,-0.00555791689231293,1.95509838890155e-05,-7.640496040294665e-06,2.903066670099493e-05,0.1489318903057782,0.000106240139855548,-1.091827862859143e-05,0.2098035358097514,-0.06596817023717001,-0.04799151705205055,-8.427418843392977e-05,-5.311493645844952e-05,1.592019636674564e-06,-3.970561840431657e-06,0.00033042856803148,0.1277155817205753,-0.008014805337895392,0.0002640258567145964,-3.651810233741826e-07,-3.020964580048181e-05,0.1464036607115562,-0.01903322054010065,0.1532245738469843,0.001466735953519367,-5.081100317853516e-05,7.252570072508179e-06,1.123130118057478e-05,-4.360588142129353e-07,2.245174313108975e-07,0.4541154080505754,4.612000057374437e-06,-3.441155296913507e-05,0.9197074122907642,0.01345324484653833,0.1775777725861032,-3.66215016790826e-05,-5.080407913646746e-05,1.030741673122622e-06,3.665678724886724e-06,0.4620172344044815,0.01129715113896824,0.1774081328451785,-0.001355135102094893,0.6769450597331766,-2.274650790313378e-05,-1.393068991578276e-06,3.078619101616885e-06,3.927661708546055e-07,-4.680341034823439e-08,-2.301557336911374e-08]
  },
  {
   "outputname": "outv",
   "termr": [5,4,4,4,3,3,3,3,3,3,2,2,2,2,2,2,2,2,2,2,1,1,1,1,1,1,1,1,1,1,1,1,1,1,1,0,0,0,0,0,0,0,0,0,0,0,0,0,0,0,0,0,0,0,0,0],
   "termu": [0,1,0,0,2,1,1,0,0,0,3,2,2,1,1,1,0,0,0,0,4,3,3,2,2,2,1,1,1,1,0,0,0,0,0,5,4,4,3,3,3,2,2,2,2,1,1,1,1,1,0,0,0,0,0,0],
   "termv": [0,0,1,0,0,1,0,2,1,0,0,1,0,2,1,0,3,2,1,0,0,1,0,2,1,0,3,2,1,0,4,3,2,1,0,0,1,0,2,1,0,3,2,1,0,4,3,2,1,0,5,4,3,2,1,0],
   "coeff": [0.00215851039283684,1.705042328381992e-05,0.1706688174636786,0.03996486433233649,0.05869053399754447,-2.87296170574667e-05,-4.257490701560478e-05,0.1982456226692192,-0.03144044678394393,-0.01206713659039829,5.559830861104959e-05,0.2098208645329621,-0.0130299795972233,-0.0002535614159011179,-8.759970506331132e-05,1.38340705932066e-05,0.2699173756968258,-0.121574381170052,-0.1196611949218521,0.005333299063445329,0.2337391171677932,0.0001486263431402955,1.802550134149824e-06,0.6679605987299196,-0.01724819542280004,0.04706843166887556,-0.0002329740689676047,-1.21202449668838e-05,2.042967212338722e-05,-1.235075165043514e-06,0.4360822453041409,-0.016762237358863,0.1983074531042234,0.002549575594541088,-0.333438501900973,8.366618280494673e-05,0.4130597207386006,-0.0008441052106482658,9.601473504176752e-05,-1.562328284838401e-05,-1.194339583333115e-05,0.8579861652853106,0.001864436263232229,0.1830625014198278,6.161403024971247e-05,-4.19999817059478e-05,7.330142166099808e-06,2.385002471459154e-06,-2.199042443603937e-07,2.572467265626652e-07,0.4381726605242767,0.003509854049634207,0.1806339013148436,-0.0006063913827669029,0.6768231676961649,8.95045361641281e-06]
  }
 ]
}